shipment_id,actual_transit_time_hours,dispatch_datetime,delay_indicator,route_id,rainfall_mm_contrib,tide_condition_contrib,port_wait_hours_contrib,news_anomaly_contrib,actual_transit_time_hours_contrib,predicted_transit_time_hours,delay_risk
S001,25328.570927072662,2024-05-01 09:00:00,1,Route 2,0.048522005339980655,0.0014876068251361487,0.0006909863940000042,0.0036370460602406806,0.06361037000553187,25328.570927072662,
S002,25537.124300185198,2024-05-01 11:00:00,1,Route 1,0.04361944714653663,0.0019242513007744423,-0.0011352211568451352,0.0021227436353580802,0.06769682429435923,25537.124300185198,
S003,25932.062798765266,2024-05-01 14:00:00,1,Route 1,0.042789277112357985,0.001681813209512375,0.0005568602165833819,0.003852156869002349,0.053804850415746085,25932.062798765266,
S004,23801.32315286409,2024-05-01 08:00:00,1,Route 2,0.03333820126801499,0.0013575561554050174,0.0008825659562599665,0.010846805058515077,0.04616772786281149,23801.32315286409,
S005,24985.723248211933,2024-05-01 05:00:00,1,Route 2,0.039804536599251615,0.0017908581708611466,-0.00022113738544370085,0.0009783517068763744,0.06450549965019792,24985.723248211933,
S006,25872.494606295506,2024-05-01 12:00:00,1,Route 1,0.04881519828197675,0.00012663033874793451,-1.4611814741850156e-05,0.003943620433043311,0.07659114313967945,25872.494606295506,
S007,22332.708013755768,2024-05-01 05:00:00,1,Route 2,0.033359505900540196,-0.0008052289140887078,-0.00014683970389418313,0.0031296641328054514,0.05872733190305219,22332.708013755768,
S008,28294.10015169717,2024-05-01 11:00:00,1,Route 1,0.0488293308459494,0.0013018570821743075,-0.0007147142788224731,-0.0002401995254470371,0.078268444224993,28294.10015169717,
S009,26713.836949765802,2024-05-01 01:00:00,1,Route 1,0.04004139523753294,0.002460222752709083,0.00028469181106435983,0.010522029521065313,0.06281271781615105,26713.836949765802,
S010,26897.20953341309,2024-05-01 20:00:00,1,Route 2,0.05336125584252456,0.0024365261338396456,0.00045747377644791883,0.006785232269709196,0.0656747877447742,26897.20953341309,
S011,25319.412307782368,2024-05-01 23:00:00,1,Route 1,0.052771872763676966,0.0013315197284539727,0.0004987246092466952,0.0038107591256415466,0.05635835313291,25319.412307782368,
S012,25208.482886126963,2024-05-01 21:00:00,1,Route 1,0.054043685952664955,0.0015654855456372263,0.00013259288038654945,-0.0005525865562837176,0.06465857049903764,25208.482886126963,
S013,25681.514072708265,2024-05-01 11:00:00,1,Route 1,0.044060196485183306,0.001285380479559984,0.0006169760626443583,0.0009824401243216725,0.05412593896255669,25681.514072708265,
S014,27801.646171645993,2024-05-01 05:00:00,1,Route 1,0.04360958608181196,0.0011473964071706355,2.217207356192752e-05,0.004219875799240008,0.07258696777191959,27801.646171645993,
S015,23626.085447483434,2024-05-01 13:00:00,1,Route 2,0.03361538099884989,0.002153778289577614,-0.00044421453626675936,-0.000254204882840508,0.06388492717081642,23626.085447483434,
S016,27459.433278467757,2024-05-01 05:00:00,1,Route 2,0.04362185085220966,0.00011562691641821885,-0.0002844638919213123,0.00560306042936051,0.07488391681074191,27459.433278467757,
S017,24898.06662863004,2024-05-01 22:00:00,1,Route 2,0.050726691161474054,0.0007015596488660808,0.001132856307859638,0.0015113878385046465,0.056237824985103685,24898.06662863004,
S018,25505.709558332175,2024-05-01 22:00:00,1,Route 1,0.04740904590136409,0.0017391246136881538,0.0003770718117862933,0.0014144766336119871,0.07182451447085889,25505.709558332175,
S019,27326.325028004343,2024-05-01 14:00:00,1,Route 1,0.04721485750411007,0.0004549367937236341,-0.00010416992884831711,0.008986494515812337,0.06826641260010387,27326.325028004343,
S020,25542.592910040417,2024-05-01 08:00:00,1,Route 1,0.03951818150510409,0.00025838111994501797,-0.00041132671914736216,0.00158520418972772,0.057162201634748555,25542.592910040417,
S021,25248.01311426156,2024-05-01 02:00:00,1,Route 1,0.04432518133256684,0.0028321487724494955,-0.0005606434585814254,0.00041118235620415743,0.06106358418183878,25248.01311426156,
S022,26185.22595113532,2024-05-01 17:00:00,1,Route 2,0.042532352672802344,0.00039528969719277384,-0.0008753264001471201,0.0072003901684558275,0.0640763393637136,26185.22595113532,
S023,25701.619722158623,2024-05-01 16:00:00,1,Route 1,0.0456607055140625,0.0005982507119332937,-0.0004294396143512897,0.006485606160771849,0.06989908731527673,25701.619722158623,
S024,25655.68257969059,2024-05-01 22:00:00,1,Route 2,0.04631556533002999,0.003316226829162147,0.000539361944886459,0.006177589371207341,0.07037432540643554,25655.68257969059,
S025,24911.111914276073,2024-05-01 06:00:00,1,Route 2,0.04417142087041443,0.0015364340990830082,-0.00027612937923829123,0.0016921381458480488,0.06745879320375593,24911.111914276073,
S026,26573.30509209339,2024-05-01 15:00:00,1,Route 1,0.043042915202505985,0.0018794411813359278,0.0005916452931390147,-0.0005689975947429189,0.057272744689151896,26573.30509209339,
S027,24128.6593384815,2024-05-01 03:00:00,1,Route 2,0.04294979002985866,0.002067811219350012,0.00033302301873900677,0.0015786875655745723,0.06554015860744625,24128.6593384815,
S028,24168.760880279126,2024-05-01 01:00:00,1,Route 2,0.04000568797201985,0.002817325173841209,-7.337555000052899e-05,0.003447768636856943,0.06666598522647604,24168.760880279126,
S029,25671.471635519847,2024-05-01 05:00:00,1,Route 1,0.04819978220819936,0.002068523332054476,-0.0009439222066420901,0.0029812699504102947,0.07473460126359431,25671.471635519847,
S030,25302.56715814445,2024-05-01 07:00:00,1,Route 1,0.04250080199338398,0.0025613793268198363,-0.001028133636186909,0.003168146426849365,0.06043091982163969,25302.56715814445,
S031,25101.680483600725,2024-05-01 14:00:00,1,Route 2,0.050782021361763824,0.002148752675790196,-0.0005241930929279153,0.00559149019661584,0.057881740623623626,25101.680483600725,
S032,25138.96843161202,2024-05-01 10:00:00,1,Route 2,0.04872370368072572,0.0011790302569065643,0.0004069857252749661,0.0015179613702282443,0.060437190215134586,25138.96843161202,
S033,25012.666923170385,2024-05-01 17:00:00,1,Route 2,0.048664331763452265,0.0014788598077059216,-0.0007234779433255248,0.005315318883771736,0.060567914887236333,25012.666923170385,
S034,24870.558316226114,2024-05-01 21:00:00,1,Route 2,0.03919221282704757,0.0005369535543796023,-0.0004044577153619154,0.0033120423575603098,0.061134373262404645,24870.558316226114,
S035,26494.001684082854,2024-05-01 06:00:00,1,Route 2,0.04689466686146621,0.0008986100961838049,0.0003166425441089833,0.002114134381252005,0.06786810152401261,26494.001684082854,
S036,24838.192631061578,2024-05-01 17:00:00,1,Route 2,0.05120378986479899,0.0010054871804267204,0.0005639101100105976,0.0027024937847444103,0.06922225210031546,24838.192631061578,
S037,26422.404555604822,2024-05-01 14:00:00,1,Route 1,0.0478942716901277,0.00017439550460384245,0.00045613449641743317,0.0025562056483251915,0.07704407830094781,26422.404555604822,
S038,26978.13968768596,2024-05-01 18:00:00,1,Route 1,0.04895348971908458,0.001843181275919844,0.00013421793045714284,0.006396866923879284,0.06308177276292704,26978.13968768596,
S039,26811.389936528372,2024-05-01 03:00:00,1,Route 1,0.05744299763357927,8.125498908714237e-05,-0.00045541679954625965,0.00465445356031808,0.07018162606340443,26811.389936528372,
S040,25385.3018092983,2024-05-01 03:00:00,1,Route 2,0.046653777472037944,-3.789693929887037e-05,-0.00040681971552038843,0.008096662314794533,0.07325191449665505,25385.3018092983,
S041,25863.529183274026,2024-05-01 22:00:00,1,Route 1,0.061858053976297095,0.001231704398111984,-0.00044420609195687934,0.001980444079273155,0.08866020303280882,25863.529183274026,
S042,24521.488096835103,2024-05-01 19:00:00,1,Route 1,0.03793090024763105,0.0014220275142216685,7.373836418226652e-07,0.004321872955598804,0.048965786728817726,24521.488096835103,
S043,25797.907676940693,2024-05-01 09:00:00,1,Route 1,0.0413819565139365,0.0010599631463496409,0.00043887444984314457,0.005095028428516193,0.06499611411457897,25797.907676940693,
S044,24659.579328803204,2024-05-01 03:00:00,1,Route 2,0.03398311343669092,0.0007113996027143844,-0.00018347105623366613,0.0018578541420400153,0.04710419436197028,24659.579328803204,
S045,24287.16583238123,2024-05-01 13:00:00,1,Route 2,0.03516827255028539,0.000767236113424489,-0.0003237129330872037,0.0007587464924186275,0.06844646496582985,24287.16583238123,
S046,27455.539731519006,2024-05-01 22:00:00,1,Route 1,0.04227605165132708,-0.00033911313222217385,-0.0008795444616912473,0.0015791199059663086,0.06363503032044267,27455.539731519006,
S047,24505.652453296327,2024-05-01 05:00:00,1,Route 2,0.03552855106190306,0.0018354592998163543,-0.0009845979482557918,-0.0006650772849297457,0.06601551614621506,24505.652453296327,
S048,26105.738784535442,2024-05-01 10:00:00,1,Route 1,0.05453723485879514,0.0005887151747027001,-0.0006591148916061624,-0.0019054077266139357,0.0669824387878339,26105.738784535442,
S049,25716.559119146754,2024-05-01 06:00:00,1,Route 1,0.04371666996161068,0.0005576373636481283,-0.00039821225133866375,0.004814104826413636,0.05738387916867037,25716.559119146754,
S050,25560.459164050368,2024-05-01 15:00:00,1,Route 1,0.04919280490188134,0.00025491708887142466,-0.0004015749644121748,0.0029442024012743826,0.06352118036088039,25560.459164050368,
S051,25713.19589965486,2024-05-01 07:00:00,1,Route 2,0.046400562272038266,0.002427416816401685,-0.00026522189058255865,-0.00016568161466076588,0.06886715708710892,25713.19589965486,
S052,25540.911285836588,2024-05-01 11:00:00,1,Route 1,0.049920077733680415,-0.0004542187863742761,0.0001936218293078777,-0.0004014309196714547,0.059923274560905224,25540.911285836588,
S053,24771.44425531209,2024-05-01 02:00:00,1,Route 2,0.039494822109809126,-0.00142648151539171,-0.00025814702730061616,0.0035216531951056873,0.07345718282600482,24771.44425531209,
S054,27095.94836879098,2024-05-01 18:00:00,1,Route 1,0.05745646254474559,0.00017448478266796224,-9.032767874173163e-05,-0.0015684929566569911,0.061916457382216225,27095.94836879098,
S055,25344.79838088331,2024-05-01 23:00:00,1,Route 1,0.05553736738949763,0.0003289373857665376,0.00014949725973491344,0.005741798131730165,0.06185769254299513,25344.79838088331,
S056,24513.328166519805,2024-05-01 08:00:00,1,Route 2,0.0411606048346964,0.0007117555346604484,0.00030740902088071623,0.0005605625033792952,0.06843145270879739,24513.328166519805,
S057,25784.64838485947,2024-05-01 17:00:00,1,Route 2,0.05144842234695599,0.002440395869749751,-0.0008146932428713074,0.006551797760098642,0.07292596776279874,25784.64838485947,
S058,25836.48926327074,2024-05-01 16:00:00,1,Route 1,0.04817936807444257,0.001721904816776961,-0.00015356378089805738,0.001911098457745719,0.08326526838306747,25836.48926327074,
S059,26732.292645805763,2024-05-01 19:00:00,1,Route 1,0.054546775705477335,-0.00012389973337354358,0.00017450466000325848,0.003450341816677462,0.07184617201408604,26732.292645805763,
S060,24244.85425730362,2024-05-01 13:00:00,1,Route 2,0.045821188668347834,0.002501975408448314,-0.0008085548062229991,-0.0002449083745122095,0.08155899984742662,24244.85425730362,
S061,25055.516237796022,2024-05-01 09:00:00,1,Route 1,0.04301204449087581,0.0006490894428111437,-0.00048413765179069676,0.0014534775164284379,0.07332026474884773,25055.516237796022,
S062,25098.505172833207,2024-05-01 04:00:00,1,Route 2,0.04402968609681645,0.002235594146224139,-0.0003119989052741567,0.005375914372135627,0.054458680056431924,25098.505172833207,
S063,24686.328004708022,2024-05-01 03:00:00,1,Route 1,0.03897565725293891,0.0016104528006074695,0.0005449966679167056,0.005018657192581358,0.06292436636820972,24686.328004708022,
S064,25548.418937840714,2024-05-01 08:00:00,1,Route 2,0.04292733632865631,0.0015587224627121711,-0.0003469672626350514,0.0006007004525054988,0.06209984076117133,25548.418937840714,
S065,25167.009106045596,2024-05-01 02:00:00,1,Route 1,0.0332116161945045,0.001032352901506837,1.6146569401742e-05,0.0026441851799243873,0.0551471058736997,25167.009106045596,
S066,25070.4232180243,2024-05-01 22:00:00,1,Route 1,0.04120038720812581,0.0005550755782438682,0.0002275623854522113,0.0006747749582551241,0.04972812988446867,25070.4232180243,
S067,26117.04705225231,2024-05-01 21:00:00,1,Route 2,0.04624258445740282,0.0032978050572120936,-0.00039219625081909806,-0.0012635507865722416,0.07481811430541829,26117.04705225231,
S068,27041.33173912032,2024-05-01 17:00:00,1,Route 2,0.042853585795374655,0.0004387250233849618,-9.37544595577132e-05,0.0006902031088249048,0.0596319499791065,27041.33173912032,
S069,25172.269318342005,2024-05-01 08:00:00,1,Route 1,0.05254808439932655,0.0008067268284762699,0.00031928478380274935,-0.00042380709288038855,0.0779888200840944,25172.269318342005,
S070,24617.771503574102,2024-05-01 10:00:00,1,Route 1,0.04180044176140266,0.0015835323086053265,-0.0006254745702610222,0.0018416968364710297,0.05361880315975715,24617.771503574102,
S071,25471.183776215727,2024-05-01 06:00:00,1,Route 1,0.03861625594981599,0.0005698528543662361,-0.00039016889571287137,0.008082299132600656,0.06331444867287385,25471.183776215727,
S072,25231.40840042919,2024-05-01 10:00:00,1,Route 1,0.04114181205756857,0.0028278884716862857,-0.0006063066172578038,0.006012217222543087,0.05515532437980596,25231.40840042919,
S073,22936.056639428843,2024-05-01 03:00:00,1,Route 2,0.039800557660587585,0.0014523227337265264,0.0005074754047450984,0.0018217322041260196,0.046940798487864796,22936.056639428843,
S074,25559.03374830419,2024-05-01 18:00:00,1,Route 1,0.043507305003325794,0.0011574202553523221,-8.36970664139112e-05,0.006924371152121824,0.06120527768241353,25559.03374830419,
S075,27590.748241634752,2024-05-01 07:00:00,1,Route 2,0.05568320508145554,0.0036626328305481744,-2.4096355881185294e-05,-0.0014041272989779709,0.0677151475694861,27590.748241634752,
S076,25078.679175876965,2024-05-01 20:00:00,1,Route 1,0.03457960020211564,0.0019082934643442364,0.00032181387276144396,0.005258925344809345,0.0632476959889797,25078.679175876965,
S077,26781.012563080447,2024-05-01 03:00:00,1,Route 1,0.04667523407807937,3.443002499593307e-05,0.0001110771490717422,0.0033563382071845975,0.07015475263570274,26781.012563080447,
S078,24367.083525541497,2024-05-01 20:00:00,1,Route 2,0.0459450931590354,-0.0006818377643279837,-0.00035899379214321815,0.004911625108579345,0.05384487633522005,24367.083525541497,
S079,26439.014000386935,2024-05-01 12:00:00,1,Route 2,0.05314205799506652,0.0038168340755847835,-0.00033416079239007495,0.006274224456646412,0.05683098711164692,26439.014000386935,
S080,27103.20541059396,2024-05-01 23:00:00,1,Route 1,0.03912495584660277,0.0026484231103777794,-0.00020921069023354297,0.0025526501090705925,0.0679233683440866,27103.20541059396,
S081,24621.998899994534,2024-05-01 08:00:00,1,Route 2,0.05007883622716593,0.0020024044665103314,-0.00023728168155722127,0.0004375722855359522,0.05603544704545218,24621.998899994534,
S082,24580.90129206436,2024-05-01 13:00:00,1,Route 2,0.04849601107548585,0.0007049491027452877,9.027710141150473e-05,0.002247775898556319,0.0425113167912528,24580.90129206436,
S083,25931.64483084555,2024-05-01 17:00:00,1,Route 1,0.0489356056633284,0.0031793055428348312,0.0004221513858637772,0.004201546142638083,0.05019810082035297,25931.64483084555,
S084,25556.553060623402,2024-05-01 10:00:00,1,Route 1,0.0442705937232906,0.00244012776748638,9.987633026883205e-05,0.008971881295717953,0.07706838285144751,25556.553060623402,
S085,22819.23260524684,2024-05-01 17:00:00,1,Route 2,0.03989596590035862,0.0017994354396802246,0.00014933035677712597,0.0023748145699444075,0.05469091771373035,22819.23260524684,
S086,25877.902763464823,2024-05-01 15:00:00,1,Route 2,0.046017063404353936,0.0026898291325712738,-0.0005013406264940539,0.006665895534729966,0.07221229639297741,25877.902763464823,
S087,24254.21050667638,2024-05-01 01:00:00,1,Route 1,0.04602502617226092,0.001127379724961797,-0.00033608040564416273,-2.6466523513355408e-05,0.06280609793034723,24254.21050667638,
S088,24354.205653724734,2024-05-01 11:00:00,1,Route 2,0.04793314100020491,0.0024824072080300605,0.00015938002623195886,0.0019341140436088496,0.0738960547361732,24354.205653724734,
S089,24460.089472092306,2024-05-01 00:00:00,1,Route 2,0.04379005655948599,0.0027525975197152,0.00031783641622274957,-3.61821124098623e-05,0.06995013917817769,24460.089472092306,
S090,25167.73269774321,2024-05-01 06:00:00,1,Route 1,0.036393712469647135,0.001249755390669569,-0.0013695258875041313,0.004574424990958083,0.06916772601588185,25167.73269774321,
S091,27196.634855519987,2024-05-01 16:00:00,1,Route 2,0.03962772350146602,0.0016977971902699728,-0.000683069771954079,0.006194832858796082,0.0712585035493589,27196.634855519987,
S092,25532.000726677325,2024-05-01 08:00:00,1,Route 2,0.050670311908546456,0.003675503474093994,0.00018077701150697148,0.005009117535701738,0.0610372574390232,25532.000726677325,
S093,24306.236419284276,2024-05-01 14:00:00,1,Route 2,0.03988451242031552,0.0013132883169862065,-9.382924122009106e-05,0.0003814790205330143,0.06285445717436255,24306.236419284276,
S094,25825.505281005277,2024-05-01 20:00:00,1,Route 1,0.042520996430076695,0.0014798748977943607,0.00046674890132959794,0.006672828835795655,0.06906797149144477,25825.505281005277,
S095,24555.489672978787,2024-05-01 07:00:00,1,Route 2,0.030167666330183775,0.0018710186015409257,-0.0001600304738352076,0.006044399175884659,0.05042594856110147,24555.489672978787,
S096,25415.750847845906,2024-05-01 04:00:00,1,Route 2,0.04067661869263035,0.002409956681951846,-0.0005629776719450806,0.002123170395528911,0.060824172332791235,25415.750847845906,
S097,26169.33411409623,2024-05-01 02:00:00,1,Route 2,0.05135973357936278,0.0031408837874063802,0.0002708870019476618,0.002357371567559978,0.05771023347549151,26169.33411409623,
S098,25583.873978465395,2024-05-01 00:00:00,1,Route 1,0.04437804363471947,0.0008720509830469249,-0.0008975430044765974,0.005992777570974716,0.07612186042469025,25583.873978465395,
S099,27363.38293766381,2024-05-01 22:00:00,1,Route 2,0.04377721213202798,0.0008413870535970368,-0.00012311438683875579,0.013324571283984534,0.06077334841812,27363.38293766381,
S100,27316.396141258047,2024-05-01 02:00:00,1,Route 2,0.05028402832417312,0.00065630961285313,-0.00022945430525089544,0.006779251898643654,0.07394363437651635,27316.396141258047,
S101,25505.07866300855,2024-05-01 13:00:00,1,Route 2,0.04342029485000427,0.00046566364193765327,-0.0008683195094099373,0.0038504500273172145,0.06525712232559756,25505.07866300855,
S102,26750.03623121275,2024-05-01 08:00:00,1,Route 1,0.04031202211538054,0.002909724919755591,0.0010841733939999014,-0.0025861395163014646,0.07582127416359935,26750.03623121275,
S103,26338.999061819857,2024-05-01 04:00:00,1,Route 2,0.05862494646829944,0.0008550277916114822,-0.0004688161788851134,0.003001058011081167,0.06759461344904656,26338.999061819857,
S104,22190.612055749312,2024-05-01 03:00:00,1,Route 1,0.042453841708482695,0.0014575700803579805,-0.0004309949765759472,0.0031618511260467237,0.05613372157870588,22190.612055749312,
S105,25216.82075865107,2024-05-01 19:00:00,1,Route 2,0.042006617598398535,0.0030589638175037505,0.0007472551241542059,0.001986949134871859,0.06185908247257099,25216.82075865107,
S106,25385.501304002704,2024-05-01 17:00:00,1,Route 1,0.039475061437755025,0.00035120372872972735,-0.00015041097283665115,0.0030913142535027908,0.06993860912886594,25385.501304002704,
S107,26529.846006424734,2024-05-01 21:00:00,1,Route 1,0.04856253159337693,0.0030212651739376915,-0.000526626488606167,0.0020384941786138213,0.07346990166729027,26529.846006424734,
S108,24922.078611862747,2024-05-01 10:00:00,1,Route 1,0.04542054614900569,0.002066413944218189,0.0004284204870991053,0.004809820058172962,0.06299692382174613,24922.078611862747,
S109,23823.146201762604,2024-05-01 07:00:00,1,Route 1,0.042815080863739294,0.0018312968259512914,0.00099591230355905,0.004245051744579755,0.055300826127183185,23823.146201762604,
S110,24854.058338095198,2024-05-01 17:00:00,1,Route 2,0.04739231857616717,0.0030278850006766693,-0.0006147576998110128,0.0027822920250438034,0.057230431851248285,24854.058338095198,
S111,24262.23295293892,2024-05-01 19:00:00,1,Route 2,0.02938830623108997,-0.00017757342058932475,-0.0008423235980034453,0.0019561102679746577,0.05643922394814637,24262.23295293892,
S112,25956.775000405927,2024-05-01 02:00:00,1,Route 2,0.04981135501396568,0.0007250995782357709,-0.0002158181839399674,0.0037792331540829295,0.08292594393103625,25956.775000405927,
S113,26914.71104219642,2024-05-01 05:00:00,1,Route 1,0.05235513370606938,-0.00017309323925123114,-0.0008181551754043256,0.0004982646995080395,0.07006357822625577,26914.71104219642,
S114,25283.748900741695,2024-05-01 03:00:00,1,Route 2,0.05293831992713608,0.0025179848461345544,-0.00015848097851557866,0.005188913945886511,0.07423706447373896,25283.748900741695,
S115,26212.832078614127,2024-05-01 20:00:00,1,Route 2,0.04835774075287016,0.0017504306291380258,-0.000555366003622239,-0.0019600561393331396,0.07786826358761104,26212.832078614127,
S116,25553.842467916675,2024-05-01 01:00:00,1,Route 2,0.04617954973276357,-9.73597389221999e-05,-0.0008099507848943214,-0.001077775998935185,0.06079848511968111,25553.842467916675,
S117,25838.11374162805,2024-05-01 23:00:00,1,Route 2,0.05538567735631614,0.0018359765218808081,4.1738790475199944e-05,0.0065270714163110245,0.06931588277930145,25838.11374162805,
S118,27255.53961575562,2024-05-01 13:00:00,1,Route 1,0.05476537720366641,0.0011194449035943318,-0.00017855989242206914,0.005254719095502911,0.08136418276592661,27255.53961575562,
S119,24577.87218300589,2024-05-01 08:00:00,1,Route 1,0.05014837362771201,6.884274971277641e-05,0.0003815619083138433,0.0032318164853716736,0.058707712762926786,24577.87218300589,
S120,25442.404256608766,2024-05-01 07:00:00,1,Route 1,0.038810356340887454,0.000477729679290065,-0.0006638349620023124,0.005158289041353314,0.05771471730278968,25442.404256608766,
S121,24441.42195547762,2024-05-01 01:00:00,1,Route 2,0.039797533340199205,0.0011961730688716515,-3.789711855503095e-05,0.00632443116572929,0.055274166689416676,24441.42195547762,
S122,26036.839206644305,2024-05-01 19:00:00,1,Route 1,0.032220065596247766,0.0009839202606546865,-0.00034295541700937407,0.0031873040576180524,0.055543771082958826,26036.839206644305,
S123,27147.0138131545,2024-05-01 21:00:00,1,Route 2,0.05967408236841395,-5.55941651644362e-05,0.0005426337382840203,0.004947321792297924,0.06640142007340277,27147.0138131545,
S124,25773.740911795798,2024-05-01 21:00:00,1,Route 1,0.04661951465687972,0.00135043092933078,-7.018275627899491e-05,0.004377676591743603,0.06439196916225155,25773.740911795798,
S125,25720.234678297973,2024-05-01 08:00:00,1,Route 1,0.044236251940486505,-0.0006004710592403183,-0.0006433225759446842,0.0005614566512378585,0.07866375264861296,25720.234678297973,
S126,24486.923589290567,2024-05-01 21:00:00,1,Route 2,0.04013734560433555,0.000868176895023328,0.0005646357486061923,0.004251784831582571,0.0534414427499942,24486.923589290567,
S127,26781.554431632816,2024-05-01 19:00:00,1,Route 2,0.034678032490204624,-2.735247491569076e-05,-0.00037744525166207867,0.006877740027959869,0.07350018161226662,26781.554431632816,
S128,25791.151579712252,2024-05-01 21:00:00,1,Route 2,0.05167059867882782,0.0006515387962178468,-0.0002557553746919444,-0.00019861650722725194,0.06593024182528609,25791.151579712252,
S129,25187.725839003484,2024-05-01 03:00:00,1,Route 2,0.041639858837099114,-0.0005448010864592273,-0.0007917683309691812,0.0015747461993422444,0.06458230435838022,25187.725839003484,
S130,24782.007768512867,2024-05-01 00:00:00,1,Route 1,0.05329466120981285,0.0012308197144473198,-0.00033861526887798185,0.00044312154910419857,0.06771288602683219,24782.007768512867,
S131,26139.596580584195,2024-05-01 02:00:00,1,Route 2,0.05336124965145793,0.0020203193377728605,-0.0005546453036759397,0.004707684620411352,0.07183611998621978,26139.596580584195,
S132,23910.04460496029,2024-05-01 02:00:00,1,Route 2,0.037667362407817144,0.0007161349478442917,0.000981472202032974,0.0014015421753074398,0.06464019798685314,23910.04460496029,
S133,27135.65845019038,2024-05-01 18:00:00,1,Route 2,0.041170522253906064,0.0002771786161100955,-0.0005418747156898877,0.0035430350084349025,0.06884231576872883,27135.65845019038,
S134,25542.67802268846,2024-05-01 20:00:00,1,Route 2,0.04168315991126244,0.0018507123312198604,-0.0012564737267316201,0.004816739781516567,0.07720754574404085,25542.67802268846,
S135,24436.580786729923,2024-05-01 17:00:00,1,Route 1,0.029446710007964977,0.0011511423905615533,-0.0005915486457118024,0.0018724082270993494,0.053019329412248364,24436.580786729923,
S136,25093.28681089195,2024-05-01 16:00:00,1,Route 2,0.04350757040755874,0.002392766825513596,1.0535797258813885e-05,-0.0015287310431176466,0.06019012513797602,25093.28681089195,
S137,25384.086892505315,2024-05-01 17:00:00,1,Route 1,0.053498601778283895,0.0007354968587677724,0.00043735068297761986,-0.001022151958264009,0.0718128087414699,25384.086892505315,
S138,25309.361785880814,2024-05-01 20:00:00,1,Route 2,0.04508504133613597,0.0004991256128491824,0.00013046913604705275,0.00333921102905792,0.05768694811759013,25309.361785880814,
S139,25132.64467952614,2024-05-01 09:00:00,1,Route 1,0.03581121952500343,-0.00011232016924746601,-0.0003276198472949285,0.0008341355364892215,0.05694331123057094,25132.64467952614,
S140,25436.73574834454,2024-05-01 23:00:00,1,Route 1,0.033468169337700596,0.0023789187673242,-0.0004944199232980123,0.003612567892184845,0.05019578484907304,25436.73574834454,
S141,25693.824569671746,2024-05-01 15:00:00,1,Route 2,0.05808327449478674,0.0020778680988512905,-0.00020497736880391938,0.0017617669333287107,0.08080706143437509,25693.824569671746,
S142,26935.44679727869,2024-05-01 19:00:00,1,Route 2,0.052556270585811866,1.602221948566941e-05,0.00027540116948580575,0.005016568110779827,0.07984363725653039,26935.44679727869,
S143,24920.980089652643,2024-05-01 03:00:00,1,Route 2,0.045233474842269215,0.0014911479485089942,-0.00011238984003032992,0.00019532796009589864,0.05201984464400969,24920.980089652643,
S144,24770.257290411606,2024-05-01 12:00:00,1,Route 2,0.04493052228273375,0.002561564009468562,-0.0001387289918079429,0.004868112323443088,0.05422435631238648,24770.257290411606,
S145,26802.090483324686,2024-05-01 23:00:00,1,Route 2,0.03988216631646352,0.002089231464102895,-0.0008853821478595052,0.001651370094496314,0.07687576959293449,26802.090483324686,
S146,26094.26365470242,2024-05-01 10:00:00,1,Route 1,0.03614768540356711,0.00291365145908206,-0.0007876058533632987,0.002624326991377092,0.06367007487491963,26094.26365470242,
S147,24353.91882210174,2024-05-01 02:00:00,1,Route 2,0.04718987099659298,0.0015225697693717305,-0.00023533109640397757,-0.00019313970144326382,0.061391338076637283,24353.91882210174,
S148,24501.2321077133,2024-05-01 19:00:00,1,Route 2,0.04095787869660312,0.0014300389133486554,0.00010627556491252002,0.0012656996922803608,0.0414880402100792,24501.2321077133,
S149,26173.19875488817,2024-05-01 09:00:00,1,Route 1,0.045972118075371396,0.0005879480398604213,-0.0012265722161708627,0.006917470951002964,0.05639356625522544,26173.19875488817,
S150,25525.790281279144,2024-05-01 04:00:00,1,Route 1,0.03783687927676765,0.0010405992067736047,-0.0007374701417407183,0.0025569603973925274,0.054599724103017305,25525.790281279144,
S151,24991.434054373436,2024-05-01 02:00:00,1,Route 1,0.03682784838067173,0.0012698663592412517,0.0003421065594830077,0.007421656580478123,0.04693385672769843,24991.434054373436,
S152,24940.383669939773,2024-05-01 13:00:00,1,Route 2,0.031012239843344523,0.0007087235231225536,-0.00035192066604481926,0.007327388148258761,0.0611878719268371,24940.383669939773,
S153,25901.279590063823,2024-05-01 13:00:00,1,Route 2,0.04193271011268173,0.0009878670406512134,-0.0008696100926259652,0.006168319612771697,0.07728487511940928,25901.279590063823,
S154,23462.55661563278,2024-05-01 23:00:00,1,Route 1,0.031246823598961755,0.0013802690468585703,8.42069002440511e-05,0.007417258097224773,0.0551814917705784,23462.55661563278,
S155,23720.89624886978,2024-05-01 23:00:00,1,Route 2,0.04624716283126712,0.0006976045707352822,-0.0007771796881203426,0.0008613897836541947,0.061695401521738476,23720.89624886978,
S156,25390.456973675413,2024-05-01 05:00:00,1,Route 2,0.051404868468140276,0.0011224502346939595,0.0002880348256761782,0.007323506168405478,0.07502575140550787,25390.456973675413,
S157,26177.523594078863,2024-05-01 02:00:00,1,Route 1,0.04619034804582637,0.001488021902257296,-0.0005926667544343529,0.0012836951319733722,0.06085945039908253,26177.523594078863,
S158,24309.5351994862,2024-05-01 06:00:00,1,Route 2,0.036212263227770436,-0.0005994746005126458,0.00038944634322122515,0.0077300198169333294,0.06400964570781206,24309.5351994862,
S159,25823.56027185344,2024-05-01 09:00:00,1,Route 2,0.04329688867157979,0.002754644037981927,-0.0009498071961572975,0.003948940280938674,0.07051788701346279,25823.56027185344,
S160,25137.975488324682,2024-05-01 23:00:00,1,Route 2,0.040484306626425985,0.0016094591227871387,0.000461167305753403,-0.00017497794691052893,0.06280635267476911,25137.975488324682,
S161,26317.223143040483,2024-05-01 19:00:00,1,Route 1,0.051140849026111136,0.0015586066734455558,-0.000352651166063414,0.009738673982271294,0.07664553995719757,26317.223143040483,
S162,28409.656505850024,2024-05-01 08:00:00,1,Route 2,0.055804286736404404,0.0017692116713984656,0.00024317385305771579,0.0009722271336791366,0.06617306124452649,28409.656505850024,
S163,25271.815976340513,2024-05-01 05:00:00,1,Route 1,0.04266527046713148,0.0010733916830266814,-8.853475993545377e-06,0.002771923412896741,0.07114810938606478,25271.815976340513,
S164,25767.558979139605,2024-05-01 15:00:00,1,Route 1,0.05420934116194886,0.0014979540566415618,0.00041399595943095163,0.00044916514369277194,0.06605393739999195,25767.558979139605,
S165,27034.05305329903,2024-05-01 20:00:00,1,Route 2,0.04443574699624411,-0.0010261971808172563,0.0011909836012536914,0.0035865110343363234,0.06614510364295506,27034.05305329903,
S166,25768.557860557725,2024-05-01 21:00:00,1,Route 2,0.05055725494280135,0.0017281362189244193,-0.0004415982049100834,0.0005418158112809336,0.07034727241151799,25768.557860557725,
S167,27314.777220556287,2024-05-01 11:00:00,1,Route 2,0.03876355971808046,0.001224212215828713,-0.0006396539691935073,0.0002943345791684716,0.07650153627067396,27314.777220556287,
S168,24864.29337309657,2024-05-01 10:00:00,1,Route 1,0.057160393430804216,0.001345042573582703,-0.00014638872734327302,-0.0022478515444792164,0.07823466833917671,24864.29337309657,
S169,25437.23391639128,2024-05-01 00:00:00,1,Route 1,0.04018517098727766,0.0017780506003188736,-7.145974679316932e-05,0.0037436284615527888,0.06504369683625533,25437.23391639128,
S170,25191.223345591192,2024-05-01 20:00:00,1,Route 2,0.04284882438939138,0.0026486436756782664,0.0003854216523292393,0.003030724379065487,0.06342080345599409,25191.223345591192,
S171,26536.008275047894,2024-05-01 09:00:00,1,Route 1,0.041972772308941364,0.0008554573528652226,-0.0007041479384016701,0.0023235227599310553,0.0658486845275376,26536.008275047894,
S172,25576.179734165416,2024-05-01 07:00:00,1,Route 1,0.05233785752562948,0.0034801564057691864,-0.00026381307621298834,0.006094059454890932,0.07768858412506066,25576.179734165416,
S173,26027.008472807793,2024-05-01 23:00:00,1,Route 2,0.041078772870515166,0.0027159587236572406,-0.00039734862674326883,9.990431710714115e-05,0.058206362536303034,26027.008472807793,
S174,25306.65080882834,2024-05-01 05:00:00,1,Route 2,0.04314532588202728,0.0004367499223701308,0.0010745752439912594,0.004451190981684199,0.06323670986173431,25306.65080882834,
S175,25455.892412401812,2024-05-01 10:00:00,1,Route 1,0.05130840720622736,0.0012007044387462712,0.00019253891153843517,0.003713187711292329,0.07275670586049952,25455.892412401812,
S176,25085.347268346308,2024-05-01 11:00:00,1,Route 1,0.054158718474506436,0.0010148963315475797,0.00034976611329064054,0.0031868647898185536,0.06530019018624117,25085.347268346308,
S177,25783.295564716776,2024-05-01 00:00:00,1,Route 2,0.050227921939985036,0.0016370609681881192,-0.00020517941388624943,0.005510778906857769,0.07315048522948092,25783.295564716776,
S178,25968.836564800244,2024-05-01 11:00:00,1,Route 1,0.052312429133529834,0.0012112626706133269,-0.0003149362070519267,0.008027156753361827,0.06811216617289967,25968.836564800244,
S179,25987.40945083544,2024-05-01 14:00:00,1,Route 1,0.04237935922843377,0.001868679959606479,-0.0013148590509346224,0.0010730548698314054,0.053054448242522007,25987.40945083544,
S180,25944.357445861402,2024-05-01 11:00:00,1,Route 1,0.04303152071486335,0.0023617061752840653,-0.0010958079342298953,0.0057743415725082965,0.06983517345717774,25944.357445861402,
S181,24699.869076002175,2024-05-01 17:00:00,1,Route 2,0.04868676179403586,0.001003394755540263,0.0005147676094316095,0.0011061167263854968,0.0711337214014829,24699.869076002175,
S182,25759.835115529935,2024-05-01 00:00:00,1,Route 1,0.038655883782121696,0.0001867158073567606,-4.3201908303723325e-06,-0.0010526555677948094,0.05582695483791382,25759.835115529935,
S183,23279.381411069906,2024-05-01 12:00:00,1,Route 2,0.041702724243226616,-0.0001476355550144693,3.4565890002172957e-06,0.002124427895794738,0.05638493865965927,23279.381411069906,
S184,26204.15090269056,2024-05-01 15:00:00,1,Route 1,0.05053788519024447,0.002928817426210848,0.0005427495484565072,0.00860395160715611,0.061708653534930366,26204.15090269056,
S185,26408.09459700315,2024-05-01 10:00:00,1,Route 1,0.05909059805336938,0.0021997367870268494,0.0002592553836409347,0.0012621158879804804,0.05470637202081087,26408.09459700315,
S186,25368.010401945303,2024-05-01 23:00:00,1,Route 2,0.028700086555364237,0.0004535617095863888,-0.000528571020590913,-0.0008516285839651624,0.06262114867717034,25368.010401945303,
S187,25533.196241556983,2024-05-01 08:00:00,1,Route 1,0.047102201486226604,0.001326546575001216,-4.957531518553383e-05,0.009080664221306205,0.06810043813688856,25533.196241556983,
S188,23958.584061817433,2024-05-01 17:00:00,1,Route 2,0.04433899450890001,0.000623745167166664,0.0011132011540177413,-0.00033006630381890803,0.06186179473246591,23958.584061817433,
S189,25410.036882857512,2024-05-01 16:00:00,1,Route 2,0.04462411164852224,0.000673632222331261,-0.00023080503763327998,-0.0028955585709181777,0.06553754695669835,25410.036882857512,
S190,25503.03503246144,2024-05-01 10:00:00,1,Route 1,0.0418885345497466,0.0016226569475416713,-0.00011568280470505753,0.0057204810593777,0.05722439217981984,25503.03503246144,
S191,25242.872267153398,2024-05-01 08:00:00,1,Route 2,0.04449047350530061,0.003371800336452991,-0.001783340962916261,0.00678451919129638,0.08492722710456677,25242.872267153398,
S192,27284.79615553702,2024-05-01 08:00:00,1,Route 1,0.04679245703245466,0.0013403871973858173,0.0004889142373536814,0.006255340612286412,0.060531499711372,27284.79615553702,
S193,24118.843162953493,2024-05-01 03:00:00,1,Route 1,0.04547446503996001,0.0006054241345346106,0.0001337604857420906,0.008379208315676585,0.0645724590878427,24118.843162953493,
S194,24675.24280845345,2024-05-01 22:00:00,1,Route 1,0.03844382782766311,4.0729306860229497e-05,-0.0017761156744016005,0.004139730468093002,0.061648685066685915,24675.24280845345,
S195,24676.92834602818,2024-05-01 22:00:00,1,Route 1,0.03474628643512998,0.0033904197828361,-0.00017931500432290392,0.0033377698494910842,0.04723461461070785,24676.92834602818,
S196,26797.52386910069,2024-05-01 13:00:00,1,Route 2,0.03422411377713598,0.0018876648057781702,-9.013747841666537e-05,0.006966873966017893,0.06430426132276837,26797.52386910069,
S197,25515.539082926014,2024-05-01 21:00:00,1,Route 1,0.04356923405265271,0.0007975248154421817,0.0003302388129502112,0.0023950445023752927,0.06180566839817472,25515.539082926014,
S198,25211.516428210314,2024-05-01 11:00:00,1,Route 1,0.042225462216940804,0.0013927434434523002,-0.0007559396967441362,-0.0018642040866260325,0.07243673517694442,25211.516428210314,
S199,25492.726465327614,2024-05-01 08:00:00,1,Route 1,0.048651294915269185,0.0012519998134663732,0.00042892332303461994,0.0038697648523976767,0.04895458561683921,25492.726465327614,
S200,26663.572698688888,2024-05-01 12:00:00,1,Route 2,0.04434547071909906,0.00011939442365097005,-0.000870201327979896,0.0030951243541848523,0.08210849197279436,26663.572698688888,
S201,24951.442400292162,2024-05-01 19:00:00,1,Route 2,0.03566428505488551,0.0020435636866293965,0.0006200713358387434,0.0027318514468342592,0.05374744402572478,24951.442400292162,
S202,28449.90326861039,2024-05-01 11:00:00,1,Route 2,0.049808724147953384,0.0029381312934139447,0.0001345954953209677,0.0037213133155463434,0.07655438681972994,28449.90326861039,
S203,24588.821286688864,2024-05-01 04:00:00,1,Route 2,0.040558415736859546,0.002052757726556549,-0.0007498530797945443,0.00397369020506727,0.06748955120432887,24588.821286688864,
S204,25671.02012698532,2024-05-01 01:00:00,1,Route 2,0.05205071612846321,0.0012748891919177737,-0.0004399672366131038,-0.0004788077854123484,0.0781456270544921,25671.02012698532,
S205,25652.854748535894,2024-05-01 10:00:00,1,Route 1,0.052557518129208385,0.002015217239127706,-0.0005549287404155263,0.006186521394233702,0.07853145678626595,25652.854748535894,
S206,27246.677860019376,2024-05-01 10:00:00,1,Route 1,0.04966134577433392,0.001405719187740427,0.0002345441989137048,0.0016937716306666168,0.09179195836376702,27246.677860019376,
S207,23737.244396406793,2024-05-01 16:00:00,1,Route 2,0.03365477774053202,0.000400909881462677,-0.0002961121715700129,-0.0007596778342241853,0.051691721533715144,23737.244396406793,
S208,23976.880646355326,2024-05-01 08:00:00,1,Route 1,0.048487872869705344,0.0010585796260301837,-0.00046284116366222686,-0.0030860420949158783,0.06122570088118638,23976.880646355326,
S209,25009.7732545675,2024-05-01 07:00:00,1,Route 1,0.05329433829558248,0.00293250956194345,0.0004011460865729344,0.002472016481170414,0.07064603611020688,25009.7732545675,
S210,26677.28517365149,2024-05-01 23:00:00,1,Route 2,0.04985675129908767,0.0012522098885567696,-0.00011227201759015913,0.003977586043029217,0.06588874709551748,26677.28517365149,
S211,24836.83848190777,2024-05-01 00:00:00,1,Route 1,0.042519582185868626,0.001988169549102822,3.8418619352223625e-05,0.0005392036243423597,0.06402012288612442,24836.83848190777,
S212,24947.771003767913,2024-05-01 13:00:00,1,Route 1,0.04696331981786375,0.0004522067816358769,-4.1646822485032285e-05,0.001320053887487692,0.07156696576035654,24947.771003767913,
S213,27198.628813474785,2024-05-01 09:00:00,1,Route 1,0.053358063322925094,0.002104399164748238,-0.0005066703261510258,0.002842110557423054,0.06081034180492843,27198.628813474785,
S214,23124.6667289072,2024-05-01 08:00:00,1,Route 2,0.04346221001156019,-0.000749049863682666,0.0004035601613251605,0.0028649314181650393,0.05741453626389377,23124.6667289072,
S215,25976.445759207312,2024-05-01 03:00:00,1,Route 2,0.030887606469101245,0.0003870298632898447,-0.0002423177015586509,0.004286459086320852,0.06123946528201438,25976.445759207312,
S216,27596.50566502049,2024-05-01 16:00:00,1,Route 2,0.058546374146149896,-9.924253361318787e-05,0.00018151141121646393,0.003731938939713875,0.0606146923180908,27596.50566502049,
S217,25155.16369094058,2024-05-01 17:00:00,1,Route 2,0.043025123443565294,0.0037568495235032603,0.0002777402023444081,0.0038524982235397607,0.08205397327478274,25155.16369094058,
S218,24826.775398498514,2024-05-01 01:00:00,1,Route 1,0.041291067220785856,0.0019945613603323123,0.0006427410962493748,0.005410162439674218,0.05715269532529066,24826.775398498514,
S219,25479.730811443267,2024-05-01 08:00:00,1,Route 2,0.050945210156841204,-4.917443704719606e-05,-0.0007993392130584697,0.00032866787149847483,0.07857357201812629,25479.730811443267,
S220,25795.46081565125,2024-05-01 17:00:00,1,Route 2,0.04603449813240157,-9.301089327979752e-05,1.2411154633764762e-05,-0.0003806171793387749,0.05894770041434401,25795.46081565125,
S221,28202.365835797336,2024-05-01 16:00:00,1,Route 1,0.05067245478545832,0.0017899009006595457,-0.0015736235021975818,0.00286051667717912,0.08422581180309396,28202.365835797336,
S222,24893.53920377445,2024-05-01 03:00:00,1,Route 1,0.034604185489808086,0.0009088372183289537,-0.0006923497567430795,-0.0008258151816539289,0.05791818204137753,24893.53920377445,
S223,23286.905856929465,2024-05-01 08:00:00,1,Route 2,0.03431176863030425,-0.0002223621915452584,-0.0004112823252028845,0.006065457857154028,0.061085547044661674,23286.905856929465,
S224,25542.189923746733,2024-05-01 08:00:00,1,Route 2,0.052032439738051196,0.0014785446811130317,-9.010176409074734e-05,-0.000370288619196332,0.054404840175921336,25542.189923746733,
S225,24421.628737525425,2024-05-01 13:00:00,1,Route 1,0.052695315069847634,0.0014366415592592678,-0.0010899622390035146,-0.00015381577107158122,0.06378635808035205,24421.628737525425,
S226,24620.283591454932,2024-05-01 19:00:00,1,Route 1,0.043360213196463215,0.0012406417018635538,0.0002529947660506515,0.00020573522230088773,0.065775825329035,24620.283591454932,
S227,26406.989668479568,2024-05-01 14:00:00,1,Route 2,0.048738889597666146,0.0009415728776302476,-0.00030960549089679686,0.00031582649226664846,0.06876766617670477,26406.989668479568,
S228,26084.4651995254,2024-05-01 06:00:00,1,Route 1,0.05044940018200889,0.00040099317714701655,2.921160698040169e-05,9.955826448199888e-05,0.06928657252255167,26084.4651995254,
S229,27637.93384259128,2024-05-01 02:00:00,1,Route 1,0.04749317035913245,0.001209715233258058,-0.0006354401369358816,0.010659306639959183,0.07015449488020076,27637.93384259128,
S230,25430.883796680468,2024-05-01 11:00:00,1,Route 1,0.04380772476115017,0.0015367798228844809,-0.0010129299354242189,0.0038431810757558016,0.062069474620810056,25430.883796680468,
S231,26392.148793723758,2024-05-01 00:00:00,1,Route 2,0.05159382759839326,0.005351032527107546,-0.00018427638608788793,0.002018146688093627,0.06565051846494147,26392.148793723758,
S232,26645.4678821973,2024-05-01 14:00:00,1,Route 2,0.05935126468509836,0.004160487473513436,0.0007125964892578278,0.0019392932282216006,0.059894831075087585,26645.4678821973,
S233,27952.860864017366,2024-05-01 18:00:00,1,Route 1,0.04997851799967872,-0.00017655228325412294,0.0006480856984296176,-0.0007055181645450488,0.07326279086001537,27952.860864017366,
S234,26535.799487798606,2024-05-01 00:00:00,1,Route 2,0.04223235561309104,5.570065027547471e-05,-0.0005237360764262256,0.0038915244490055085,0.05950949859353825,26535.799487798606,
S235,25765.415050700165,2024-05-01 00:00:00,1,Route 2,0.0391061990559721,0.0009595181439522265,-0.0006135504709184302,0.008013516855340845,0.07349184283304502,25765.415050700165,
S236,27354.63244434753,2024-05-01 17:00:00,1,Route 2,0.06931152616994941,0.00045606854689741495,-0.0002522478920381462,0.002725813894929943,0.07857785479175584,27354.63244434753,
S237,24043.291177595635,2024-05-01 05:00:00,1,Route 2,0.04730362028204439,0.0020704374094190083,-0.0001803344242901091,0.0027886415312602182,0.04557836311026985,24043.291177595635,
S238,26389.919645526134,2024-05-01 05:00:00,1,Route 2,0.04677508899285171,0.0023747325232073725,-0.00014002928734776018,0.001748148034630293,0.0737958490109044,26389.919645526134,
S239,23454.36164048435,2024-05-01 09:00:00,1,Route 1,0.034230001291887996,0.00206939916893672,-3.9680467432057056e-05,0.0022165878501176203,0.05435953124429907,23454.36164048435,
S240,23459.102744182503,2024-05-01 14:00:00,1,Route 1,0.04427894850770792,0.00235579748044475,-0.00019496140191084372,0.0014978445560650472,0.05139350385253305,23459.102744182503,
S241,24998.573353488027,2024-05-01 22:00:00,1,Route 1,0.05194181124273169,0.003359184654940679,0.00031816491642456727,-0.0009298574786768694,0.06919245371975274,24998.573353488027,
S242,26308.42432664723,2024-05-01 13:00:00,1,Route 1,0.048376602742741054,0.002146374205746541,0.0003528922780244581,0.007535595223361125,0.0698727038902838,26308.42432664723,
S243,25480.165488704908,2024-05-01 09:00:00,1,Route 2,0.037021250089030774,0.002552966041298958,0.00033174000126905405,0.006134627090983992,0.04799486727890529,25480.165488704908,
S244,25226.42005536498,2024-05-01 15:00:00,1,Route 1,0.043500217422097726,0.0011059737091293844,0.00047958840536790204,0.009402124052857726,0.0728724270231601,25226.42005536498,
S245,23187.51431046261,2024-05-01 20:00:00,1,Route 1,0.049120768969442376,0.002969353696952166,0.0003551794009705644,-3.7042088948898366e-05,0.060892231519246325,23187.51431046261,
S246,23510.985506680114,2024-05-01 16:00:00,1,Route 1,0.04068567424337236,0.0007212118477147472,-0.0005050094601584127,0.0026581728421411948,0.057861441626685994,23510.985506680114,
S247,25741.083895281317,2024-05-01 06:00:00,1,Route 2,0.045829202786239344,0.0006341491693380059,-0.0007239895738410958,0.005295010008929699,0.07978952493089962,25741.083895281317,
S248,24277.892698843734,2024-05-01 02:00:00,1,Route 1,0.022047789867169834,0.0015278422356447298,2.9146769632164997e-06,0.0035201126005115152,0.04599865234919961,24277.892698843734,
S249,25165.631193528847,2024-05-01 05:00:00,1,Route 1,0.04126901806884623,-0.0005079427487561589,-0.0004901004974945324,0.0008905328224331477,0.06434294125561878,25165.631193528847,
S250,25203.81345763358,2024-05-01 03:00:00,1,Route 1,0.045625877708519634,0.0019950482472872967,-0.0004099212830666185,-0.00037287956373619147,0.06388944528309277,25203.81345763358,
S251,23909.098288704146,2024-05-01 18:00:00,1,Route 1,0.04589173825732084,0.0005933373744966954,-0.001372828884664427,-0.0011316814971927133,0.06950881719729148,23909.098288704146,
S252,26414.599153572297,2024-05-01 16:00:00,1,Route 2,0.04412380884754317,-2.9205993066240137e-05,0.0005677372272242771,-0.0008072197139722077,0.059920120738191744,26414.599153572297,
